citationcockpit,1000,Never,MK1 Business Cockpit
oldfightercockpit,1200,Never,MK1 Caged Inline Cockpit
mk1DroneCore,300,Never,MK1 Drone Core
fighterinlinecockpit,1200,Never,MK1 Inline Non-Commercial Cockpit
fightercockpit,1500,Never,MK1 Non-Commercial Cockpit
zerocockpit,1000,Never,MK1/0 Caged Inline Cockpit
144cockpit,2600,Never,Mk2/Object 1.44 Non-Commercial Cockpit
mk3galaxy,4500,Never,Mk3 Cargo Cockpit
cessnacockpit,1000,Never,MK3S1 Cockpit
hueycockpit,1800,Never,MK3S1.5 Viewer's Cockpit
bombardiercockpit,1800,Never,Size 1.5 Cockpit
airbuscockpit,2600,Never,Size 2 Commercial Cockpit
concordecockpit,2750,Never,Size 2 Droopnose Cockpit
hipcockpit,2600,Never,Size 2 Viewer's Cockpit
b29cockpit,2600,Never,Size 2 Viewer's Cockpit II
falconcockpit,2500,Never,Mk2 Non-Commercial Cockpit
oh6cockpit,1000,Never,MK1 Viewer's Cockpit II
bellcockpit,1000,Never,MK1 Viewer's Cockpit
x1cockpit,1000,Never,MK1 Supersonic Cockpit
