f5jet,200,Never,"J-85 ""Tiger"" Afterburning Turbofan"
tbmProp,200,Never,"KT6A ""Kitty"" Turboprop Engine"
152Prop,200,Never,"L K-235 ""Cat"" Turboprop Engine"
raptorjet,2000,Never,"J-119 ""Cheetah"" Afterburning Turbofan"
609prop,2000,Never,"KT6C ""Kitty"" Turboshaft Engine"
cfm56,2000,Never,"J-56 ""Lotus"" High-Bypass Turbofan Engine"
hawkerprop,2000,Never,"RR ""Count"" K.XI Engine"
109Prop,2000,Never,"KB 601 ""Tornado"" Engine"
herculesprop,2000,Never,"RR K56 ""Titan"" Turboprop Engine"
spitfiremerlin,2000,Never,"RR ""Kraken"" Engine"
fokkerprop,2000,Never,"9J ""Baron"" Rotary Engine"
51prop,2000,Never,"WMB VI ""Vortex"" Engine"
spadprop,2000,Never,"8A ""Spud"" Engine"
yakprop,2000,Never,"KM-105P ""Silver Crow"" Engine"
chaikaprop,2000,Never,"K-25V ""Cyclone"" Radial Engine"
merlin,2000,Never,"RR ""Marlin"" Engine"
corsairprop,2000,Never,"K-2800 ""Bumblebee"" Radial Engine"
predatorprop,2000,Never,"K76 ""Predator"" Turboprop Engine"
fighterProp,2000,Never,"K1710 ""Whirlwind"" Engine"
KP12,2000,Never,"KP-12 ""Bear"" Kontraprop Engine"
duplexcyclone,2000,Never,"K-3350 ""Tempest"" Radial Engine"
zeroprop,2000,Never,"K-14 ""Divine Wind"" Radial Engine"
cf34,2000,Never,"J-34 ""Chevron"" High-Bypass Turbofan Engine"
