s1p5,1650,Dynamic,1.875m Liquid Fuel Fuselage
s1p5jr,1200,Dynamic,1.875m Liquid Fuel Fuselage Junior
halfmini,200,Dynamic,Mk0 Junior Liquid Fuel Fuselage
JuniorFuselage,500,Dynamic,Mk1 Junior Liquid Fuel Fuselage
mk3s0,200,Dynamic,Mk3S0 Liquid Fuel Fuselage
mk3s0jr,150,Dynamic,Mk3S0 Liquid Fuel Fuselage Junior
mk3s0-s0,150,Dynamic,Mk3S0 to 0.625m Adapter
mk3s1,150,Dynamic,Mk3S1 Liquid Fuel Fuselage
mk3s1jr,350,Dynamic,Mk3S1 Liquid Fuel Fuselage Junior
mk3s1-s1,350,Dynamic,Mk3S1 to 1.25m Adapter
mk3s1p5,1650,Dynamic,Mk3S1.5 Liquid Fuel Fuselage
mk3s1p5jr,1200,Dynamic,Mk3S1.5 Liquid Fuel Fuselage Junior
mk3s1p5-mk3s1,1200,Dynamic,Mk3S1.5-Mk3S1 Liquid Fuel Fuselage
size2Fuselage,2600,Dynamic,Size 2 Liquid Fuel Fuselage
size2under,1500,Dynamic,Size 2 Radial Liquid Fuel Mount
mk2hboom,1000,Dynamic,Mk2/H Flat Boom
mk2hAdapter,1200,Dynamic,Mk2/H to 1.25m Adapter
mk2mk2h,1200,Dynamic,Mk2/H to Mk2 Adapter
mk2hLiquid,1000,Dynamic,Mk2h Liquid Fuel Fuselage
