hipprop,1200,Never,"KV2-117A ""Hippo"" Turboshaft Engine"
chinookprop,2000,Never,"L K55 ""Gemini"" Turboshaft Engine"
powerprop,1000,Never,"K73 ""Beluga"" Turboshaft Engine"
blackhawkprop,1000,Never,"K700 ""Hawk"" Turboshaft Engine"
hueyprop,1000,Never,"L K53 ""Valkyrie"" Turboshaft Engine"
coaxialprop,1000,Never,"KV3-117 ""Twinblade"" Coaxial Turboshaft Engine"
bellprop,1000,Never,"RR K250 ""Maverick"" Turboshaft Engine"
hiptail,240,Never,KV2-117A-S Control Rotor
powertail,200,Never,K73-S Control Rotor
hueytail,200,Never,L K53-S Control Rotor
belltail,200,Never,RR K250-S Control Rotor
