x1gear,200,Never,KS-X1 Steerable Landing Gear
x1sidegear,300,Never,KS-X1 Assymetric Landing Gear
blackhawkgear,200,Never,KS-V1 Fixed Landing Gear
biplanegear,200,Never,KS-H1 Fixed Landing Gear
b29gear,600,Never,KS-FAT-29 Huge Landing Gear
herculesfrontgear,300,Never,KS-130 Low Landing Gear
fightergear,300,Never,KS-51 Landing Gear
airbusreargear,600,Never,KS-320 Asymmetric Landing Gear
miggear,300,Never,KS-29 Tall Landing Gear
sidegear,300,Never,KS-16 Slant Landing Gear
herculesgear,1000,Never,KS-130-S2 Low Landing Gear
landingskid,400,Never,Anti-Roll Landing Skids
