smallwingConnector6,300,Never,Wing Connector Type K
smallwingConnector5,300,Never,Wing Connector Type J
smallwingConnector4,600,Never,Wing Connector Type I
smallwingConnector3,300,Never,Wing Connector Type H
smallwingConnector2,300,Never,Wing Connector Type G
smallwingConnector1,300,Never,Wing Connector Type F
smallwingConnectortip,200,Never,Wing Connector Tip
doublefowlerflap,1200,Never,Trailing Edge Two-slot Flap
fowlerflap,500,Never,Trailing Edge Slotted Flap
size2tailb,4000,Never,Tail Connector Size 2B
size2taila,4000,Never,Tail Connector Size 2A
stubbytinynose,100,Never,Small Nose Cone Stubby
tinynoseb,100,Never,Small Nose Cone B
s1p5boombshort,2000,Never,Size 1.5 Tail Connector B Short
s1p5boomb,2500,Never,Size 1.5 Tail Connector B
s1p5boomashort,2000,Never,Size 1.5 Tail Connector A Short
s1p5booma,2500,Never,Size 1.5 Tail Connector A
size2tailbshort,3000,Never,Short Tail Connector Size 2B
size2tailashort,3000,Never,Short Tail Connector Size 2A
shortboom,1700,Never,Short Tail Connector B
shortboomb,1700,Never,Short Tail Connector A
spoilerflap,750,Never,S.P.O.I.L.E.R
roundwinglet,750,Never,Round-Deluxe Winglet
noseconemk1,600,Never,Nosecone Mk1
mk3s1boomb,1800,Never,Mk3S1 Tail Connector B
mk3s0booma,500,Never,Mk3S0 Tail Connector A
mk3s0nose,100,Never,Mk3S0 Nosecone
mk1intake,500,Never,Mk1 Intake
minishortboom,500,Never,Mk0 Tail Connector Short
miniboom,1200,Never,Mk0 Tail Connector
straightslat,200,Never,Leading Edge Slat Straight
kruegerflap,200,Never,Leading Edge Krueger Flap
bigwing,10000,Never,FAT-T3R Aeroplane Main Wing
fatwing6,750,Never,FAT-G Wing Connector
fatwing5,750,Never,FAT-F Wing Connector
fatwing4,750,Never,FAT-E Wing Connector
fatwing3,1000,Never,FAT-D Wing Connector
fatwing2,1000,Never,FAT-C Wing Connector
fatwing1,1000,Never,FAT-B Wing Connector
fatwing0,1000,Never,FAT-A Wing Connector
elevon2b,500,Never,Elevon 2B
hlfSrf,100,Never,Elevon 0
warhawkfin,750,Never,Basic Curve Winglet
migfin,750,Never,Delta-Advanced Winglet
vangles,100,Never,Angled Wing Connector D
vanglel,100,Never,Angled Wing Connector C
hangles,200,Never,Angled Wing Connector B
hanglel,300,Never,Angled Wing Connector A
